{
  "grating_params": {
    "x0": 8.4,
    "interval": 7.701,
    "slope": 0.2521,
    "kx1": 43.0,
    "kx3": -8.0,
    "ky2": 10.0,
    "row_num": 10,
    "col_num": 6,
    "cos_theta": 0.96966148027322918,
    "sin_theta": 0.24445165917688108
  },
  "X0Array1": [
    -0.11550000309944153,
    -0.038499999791383743,
    0.11550000309944153,
    0.11550000309944153,
    0.26949998736381531,
    0.19249999523162842,
    0.19249999523162842,
    0.26949998736381531,
    0.57760000228881836,
    0.88559997081756592,
    0.9625999927520752,
    -0.19249999523162842,
    -0.038499999791383743,
    0.038499999791383743,
    0.11550000309944153,
    0.11550000309944153,
    0.038499999791383743,
    0.038499999791383743,
    0.11550000309944153,
    0.42359998822212219,
    0.73159998655319214,
    0.80860000848770142,
    -0.19249999523162842,
    -0.11550000309944153,
    -0.11550000309944153,
    -0.11550000309944153,
    -0.11550000309944153,
    -0.19249999523162842,
    -0.19249999523162842,
    -0.11550000309944153,
    0.26949998736381531,
    0.57760000228881836,
    0.57760000228881836,
    -0.038499999791383743,
    -0.038499999791383743,
    -0.11550000309944153,
    -0.19249999523162842,
    -0.26949998736381531,
    -0.34650000929832458,
    -0.34650000929832458,
    -0.19249999523162842,
    0.11550000309944153,
    0.42359998822212219,
    0.42359998822212219,
    0.11550000309944153,
    0.038499999791383743,
    -0.11550000309944153,
    -0.11550000309944153,
    -0.34650000929832458,
    -0.42359998822212219,
    -0.42359998822212219,
    -0.26949998736381531,
    0.038499999791383743,
    0.11550000309944153,
    0.038499999791383743,
    0.34650000929832458,
    0.19249999523162842,
    -0.038499999791383743,
    -0.19249999523162842,
    -0.42359998822212219,
    -0.50059998035430908,
    -0.50059998035430908,
    -0.34650000929832458,
    -0.11550000309944153,
    -0.11550000309944153,
    -0.42359998822212219,
    0.34650000929832458,
    0.26949998736381531,
    -0.038499999791383743,
    -0.19249999523162842,
    -0.42359998822212219,
    -0.57760000228881836,
    -0.57760000228881836,
    -0.34650000929832458,
    -0.11550000309944153,
    -0.26949998736381531,
    -0.50059998035430908
  ],
  "deltax_params": {
    "kx": 0.22524417588272824,
    "ky": -0.11405643076445163,
    "kx2": -0.244260393588895,
    "kxy": 0.061781333335375874,
    "ky2": 0.080370993399237284,
    "b": -0.022299022818267705
  },
  "cam_para": {
    "cam_x_center": 0.50668330565094943,
    "cam_y_center": 0.4968593321740627,
    "delta_x_700": 0.0715,
    "cam_tan_half": 0.7199
  }
}